i,T_L_label,T_L_value,L_years,L_years_display,note
4,inf,99999.0,inf,inf,Q2 现行 (不做大维护)
4,262.5,262.5,inf,inf,fleet 中位 fallback (与 A5 一致)
4,365,365.0,inf,inf,每年 1 次大维护
4,180,180.0,inf,inf,每年 2 次大维护
8,inf,99999.0,1.8042436687200547,1.80,Q2 现行 (不做大维护)
8,262.5,262.5,2.1738535249828885,2.17,fleet 中位 fallback (与 A5 一致)
8,365,365.0,2.130047912388775,2.13,每年 1 次大维护
8,180,180.0,2.2313483915126624,2.23,每年 2 次大维护
