gamma_m,gamma_l,train_R2,train_RMSE,valid_RMSE
0.25,2,0.8399619625388566,7.379717635913523,12.916748190744588
